{"cameraMode":{"drawMode":0,"name":"Shaded","section":"Shading Mode"},"sceneLighting":false,"audioPlay":false,"sceneViewState":{"m_AlwaysRefresh":false,"showFog":true,"showSkybox":false,"showFlares":true,"showImageEffects":true,"showParticleSystems":true,"showVisualEffectGraphs":true,"m_FxEnabled":true},"in2DMode":false,"pivot":{"x":1.515863299369812,"y":0.10389378666877747,"z":0.4063020646572113},"rotation":{"x":-0.039295416325330737,"y":-0.6421657204627991,"z":0.032959457486867908,"w":-0.7648792862892151},"size":1.2869962453842164,"orthographic":false}