{"cameraMode":{"drawMode":0,"name":"Shaded","section":"Shading Mode"},"sceneLighting":false,"audioPlay":false,"sceneViewState":{"m_AlwaysRefresh":false,"showFog":true,"showSkybox":false,"showFlares":true,"showImageEffects":true,"showParticleSystems":true,"showVisualEffectGraphs":true,"m_FxEnabled":true},"in2DMode":false,"pivot":{"x":0.02711951732635498,"y":0.10454603284597397,"z":-0.020534276962280275},"rotation":{"x":-0.06368924677371979,"y":0.9357004761695862,"z":-0.2622995376586914,"w":-0.22719578444957734},"size":0.7148601412773132,"orthographic":false}