{"cameraMode":{"drawMode":0,"name":"Shaded","section":"Shading Mode"},"sceneLighting":false,"audioPlay":false,"sceneViewState":{"m_AlwaysRefresh":false,"showFog":true,"showSkybox":false,"showFlares":true,"showImageEffects":true,"showParticleSystems":true,"showVisualEffectGraphs":true,"m_FxEnabled":true},"in2DMode":false,"pivot":{"x":-0.019702553749084474,"y":0.9234650731086731,"z":-0.18234562873840333},"rotation":{"x":-0.15798568725585938,"y":0.31809836626052859,"z":0.05385773256421089,"w":0.9333034753799439},"size":1.2000173330307007,"orthographic":false}