{"cameraMode":{"drawMode":0,"name":"Shaded","section":"Shading Mode"},"sceneLighting":false,"audioPlay":false,"sceneViewState":{"m_AlwaysRefresh":false,"showFog":true,"showSkybox":false,"showFlares":true,"showImageEffects":true,"showParticleSystems":true,"showVisualEffectGraphs":true,"m_FxEnabled":true},"in2DMode":false,"pivot":{"x":-0.0008410811424255371,"y":0.791455864906311,"z":-0.0001595616340637207},"rotation":{"x":-0.2191847264766693,"y":0.7596210241317749,"z":-0.3177907466888428,"w":-0.5235527157783508},"size":0.9469679594039917,"orthographic":false}